Date,Recession,Consumer_Confidence,Price,Advertising_Expenditure,GDP,Growth_Rate,unemployment_rate,Automobile_Sales,Vehicle_Type,City
32508,NO,131.67,25872.889,2970,45.978,0.115055026,2.6,2120.6,Sports,Georgia
37652,NO,131.05,25995.298,4572,67.254,0.057736343,2.4,3692.8,Mediumfamilycar,Georgia
30863,NO,127.42,28058.381,2570,41.93,0.224350107,2.4,2194.6,Supperminicar,New York
30375,NO,126.06,15201.649,4621,12.819,-1.119666121,2.4,3799.1,Sports,Georgia
31381,NO,125.98,26806.978,4236,12.591,-3.775633389,2.6,832,Mediumfamilycar,California
37711,NO,125.94,25349.01,2184,39.335,0.462819372,2.9,3483.9,Mediumfamilycar,Georgia
42704,NO,125.46,14662.789,3761,52.347,0.66227291,2.8,3613.5,Sports,Illinois
35095,NO,125.16,26070.469,1984,39.094,-0.441653451,1.5,1068,Mediumfamilycar,Georgia
32355,NO,125.02,23286.427,2997,20.744,-1.0955457,1.9,4050.1,Supperminicar,Illinois
45230,NO,124.66,15975.589,1148,19.472,-2.046168858,2.5,1685.9,Sports,California
42155,NO,124.56,28226.88,1395,16.136,-2.315877541,2.9,4670.6,Supperminicar,Georgia
36585,NO,124.13,24426.318,4016,65.248,-0.04852256,2.2,3028.5,Mediumfamilycar,California
42063,NO,123.47,33776.704,1706,15.217,-1.76959979,2.1,1563.5,Supperminicar,California
29829,yes,123.03,17938.481,1260,29.138,-0.368865399,3.7,779.5,Supperminicar,New York
29645,yes,122.98,15433.599,3306,30.891,-0.043993396,5.8,574.3,mediumfamilycar,California
32539,NO,122.36,26287.752,1197,15.037,-2.057657777,2.9,2791.5,Smallfamiliycar,Illinois
41121,NO,122.12,20507.927,1164,49.648,0.484168547,2.6,4127.2,Smallfamiliycar,New York
30712,NO,121.91,26718.091,2908,35.527,-0.872998002,1.2,3284.7,Supperminicar,New York
39051,NO,121.9,20908.897,4090,13.014,-4.227601045,1.6,4194.5,Sports,California
36950,yes,121.64,30162.326,1536,27.07,-1.311932028,4.1,756.3,Smallfamiliycar,Georgia
31078,NO,120.42,22604.129,2372,35.385,0.196439169,2.9,3505.1,Smallfamiliycar,Georgia
36646,yes,119.77,29328.776,4208,15.569,-2.763375939,6,750.8,Supperminicar,Georgia
39660,yes,119.72,26224.833,1054,17.816,-1.801863493,3.4,663.6,Mediumfamilycar,California
35611,NO,119.65,44263.657,4056,44.615,0.519444133,2,1671.8,Smallfamiliycar,Illinois
35642,NO,119.63,27854.453,1603,43.919,-0.015847355,2.6,592.3,Mediumfamilycar,Georgia
29951,yes,119.46,17876.259,3945,57.264,0.379138726,2.6,762,Supperminicar,California
34212,NO,119.11,20896.588,4482,64.126,0.676106415,1.6,1283.4,Mediumfamilycar,New York
43708,NO,118.96,23754.82,3175,39.892,-0.269101574,1.3,923.2,Smallfamiliycar,California
33024,yes,118.65,27934.285,1419,46.691,-0.09907691,5,676.1,Smallfamiliycar,California
34150,NO,118.47,28935.423,4756,37.471,0.408128953,2.7,918.7,Sports,New York
40421,NO,118.15,25062.962,1327,59.378,0.681060325,1.9,686.2,Supperminicar,New York
38472,NO,118.04,28051.851,2792,64.299,0.041602513,2.3,3450.4,Executivecar,California
39325,NO,117.91,20513.728,1987,20.785,-1.667693048,1.6,1743.8,Sports,Georgia
41213,NO,117.68,34157.294,1909,33.253,-0.428532764,2.2,1619.5,Mediumfamilycar,New York
31563,NO,117.38,25435.235,3621,52.322,0.091777837,1.4,2778.2,Mediumfamilycar,New York
33177,yes,117.31,22482.622,4068,27.324,-0.036707656,2.9,619.4,Smallfamiliycar,California
34273,NO,117.25,27063.905,3674,21.459,-0.517358684,1.7,1619.7,Smallfamiliycar,California
35064,NO,117.21,29281.994,4281,56.36,0.754187367,2.9,3235.2,mediumfamilycar,New York
44012,NO,117.16,17888.731,4045,49.9,0.382645291,1.6,1819.3,Executivecar,California
31167,NO,117.14,19018.967,1872,65.141,0.44214857,1.4,2861,Sports,Georgia
43738,NO,117.09,27882.785,4924,63.549,0.372263922,1.1,3240.6,Smallfamiliycar,Georgia
36372,NO,117.02,35719.72,2854,24.176,-1.006039047,2.3,843.3,Mediumfamilycar,New York
44347,NO,116.9,19813.769,1730,15.869,-1.131955385,2.2,2611.2,Sports,California
37042,yes,116.72,31334.556,4877,42.201,0.426388,4.4,650,Supperminicar,Illinois
38138,NO,116.57,22053.176,4432,69.383,0.096277186,1.1,1170.6,Mediumfamilycar,California
29737,yes,116.55,19935.844,1689,55.253,0.716124011,4.1,752.9,Mediumfamilycar,California
37864,NO,116.41,18810.923,1661,34.269,-0.361171905,2,3977,Mediumfamilycar,Georgia
35338,NO,116.38,26788.937,1355,60.449,0.214693378,1.4,2801.1,Sports,New York
35216,NO,116.27,20580.713,1827,67.943,0.716880326,1.2,1463.1,Smallfamiliycar,Georgia
41394,NO,116.2,31189.082,1329,46.48,0.17035284,1.3,4025.4,Supperminicar,Georgia
39629,yes,116.16,26218.436,3972,49.918,-0.134801074,4.4,639.1,mediumfamilycar,California
31777,NO,116.14,22408.649,3343,56.068,0.34367197,2.4,3455,Sports,New York
41029,NO,115.86,34380.854,4983,31.147,-1.088612065,2,4423.5,Sports,New York
36891,yes,115.67,29589.31,1574,50.31,0.458397933,3,706.6,Mediumfamilycar,Georgia
34819,NO,115.49,27412.362,1345,41.816,0.662880237,2.9,21147,Mediumfamilycar,New York
38776,NO,115.46,29067.548,3079,54.417,0.037286142,1.6,1619.5,Sports,California
38442,NO,115.42,28736.468,1326,61.624,0.383827729,2.6,3197.6,Mediumfamilycar,Illinois
41882,NO,115.31,21257.567,3756,49.014,0.586607908,2.3,3125.7,Supperminicar,Illinois
37833,NO,115.1,32930.084,2002,46.646,-0.341722763,2.2,4117.5,Sports,Georgia
29341,yes,115.01,32615.149,1653,45.673,0.230595757,4.2,702.8,Supperminicar,Illinois
35369,NO,115.01,27803.923,4055,69.573,0.131142828,2.5,2408.3,Smallfamiliycar,Illinois
39233,NO,114.95,28120.599,4057,55.296,0.758933738,1.1,4714.6,Executivecar,New York
38230,NO,114.44,21535.452,4701,56.843,-0.064264729,1.5,3841.4,Sports,New York
30802,NO,114.14,23074.589,2160,19.103,-1.527875203,2.1,2514,Sports,Illinois
36403,NO,113.83,28169.595,1566,35.418,0.317409227,1.3,3424.6,Smallfamiliycar,California
36677,yes,113.51,18998.518,1201,47.026,0.668927827,4,671.6,Smallfamiliycar,Georgia
40999,NO,113.38,26708.78,3538,65.054,0.44667507,2.9,969.2,Smallfamiliycar,California
31016,NO,113.34,26656.317,4643,20.126,-2.482212064,1.5,2182.8,Smallfamiliycar,New York
41729,NO,113.19,28558.074,3747,57.47,0.638298243,1.9,3296.8,Smallfamiliycar,Illinois
42369,NO,113.14,14803.839,1904,33.394,0.44870336,2.2,4117.2,Smallfamiliycar,California
44651,NO,113.11,22038.03,4472,36.491,0.459784604,1.2,2258.9,mediumfamilycar,New York
34546,NO,112.99,26383.454,1010,47.635,-0.086868899,1.1,1587.2,Smallfamiliycar,Georgia
30010,yes,112.86,25554.613,2191,23.619,-1.360599517,4.2,614.4,Smallfamiliycar,Illinois
35795,NO,112.75,28794.846,1050,27.541,-0.090555898,2.4,4289.8,Smallfamiliycar,New York
36494,NO,112.65,21691.068,2934,43.995,0.088941925,2.9,4114.5,Mediumfamilycar,New York
44773,NO,112.49,26352.284,1701,47.018,0.079203709,1.6,2629.4,Smallfamiliycar,California
38017,NO,112.46,26404.959,4120,42.154,0.171632585,2.4,4017.6,Executivecar,New York
44165,yes,112.39,24960.137,4945,24.367,-1.17622194,4.2,597.1,Mediumfamilycar,New York
40694,NO,112.23,29361.603,4054,53.511,-0.094765562,1.3,4532.1,Sports,Illinois
39202,NO,112.06,28958.313,4246,13.33,-1.219654914,2.3,1719.6,Mediumfamilycar,Illinois
43830,NO,112.04,30597.875,1040,47.75,-0.085089005,1.1,3472.2,Executivecar,California
40968,NO,111.64,25751.969,3861,35.996,-0.844510501,1.1,846.4,executivecar,Illinois
44104,yes,111.62,33435.708,2622,17.046,-1.170773202,3.7,692.8,Mediumfamilycar,Illinois
42794,NO,111.61,28348.363,3106,49.197,0.28889973,1.6,1769.5,Mediumfamilycar,Illinois
35550,NO,111.55,27568.93,1126,43.902,0.265591545,1.2,1650.1,Mediumfamilycar,Illinois
42613,NO,111.52,24722.262,2387,34.384,-0.898470219,2,4726.3,Smallfamiliycar,California
37925,NO,111.34,15239.561,3203,24.287,-0.197142504,1.1,842.9,Supperminicar,California
43982,NO,111.31,21218.246,4224,30.806,-0.796370837,1.6,3820,Smallfamiliycar,California
34393,NO,111.27,21231.319,1793,32.255,-0.532785615,1.5,2851.8,Mediumfamilycar,Georgia
41152,NO,111.12,27459.596,1181,69.281,0.283382168,1.4,4355,Mediumfamilycar,Illinois
33908,NO,111.07,26161.268,3062,30.994,-0.209814803,2.6,1566.7,Executivecar,New York
33085,yes,111.04,20047.318,3597,17.879,-2.432742323,5.5,605.3,Mediumfamilycar,New York
34242,NO,111.04,29816.881,1094,32.561,-0.969411259,2.5,4500.7,Executivecar,Georgia
43343,NO,110.93,26069.9,3541,37.598,-0.104393851,1.8,2715.5,Mediumfamilycar,Georgia
39386,NO,110.89,21614.191,3161,57.098,0.01574486,1.2,3630.1,Sports,California
36219,NO,110.75,28397.989,3467,70.143,0.489571304,2,845.2,Sports,New York
38595,NO,110.73,22042.143,3262,42.105,0.085548035,1.5,1242.3,Smallfamiliycar,Illinois
41090,NO,110.71,22115.482,2523,25.61,-0.567083171,1.3,3867.7,executivecar,Illinois
43008,NO,110.7,20071.37,4280,56.64,-0.209939972,2.5,3510.9,Mediumfamilycar,Illinois
37011,yes,110.54,22578.83,3122,24.207,-0.923204032,4.9,670.6,Smallfamiliycar,California
38625,NO,110.47,27735.487,3482,48.842,0.137934565,2.2,2650.8,Smallfamiliycar,California
37134,yes,110.43,28873.17,4281,44.318,-0.401868315,4.7,731.4,Mediumfamilycar,California
33450,yes,110.4,29067.586,4593,38.391,0.538876299,2.6,688.6,Mediumfamilycar,Illinois
37560,NO,110.31,25051.165,2990,58.564,0.66293286,2.7,2607.8,Smallfamiliycar,California
41608,NO,110.22,19661.898,4452,59.13,-0.018214105,1.2,3315.5,Smallfamiliycar,California
30925,NO,110.13,29656.401,2319,41.126,-0.536862326,2.5,3141.2,Smallfamiliycar,California
31198,NO,110.1,29062.629,2252,53.914,-0.208239047,1,3336.3,Mediumfamilycar,Georgia
38898,NO,109.96,23448.666,1428,33.306,0.103314718,1.1,2797.8,Executivecar,Georgia
29859,yes,109.86,32328.244,2942,60.593,0.51911937,3.1,574.2,Smallfamiliycar,Illinois
41698,NO,109.79,27572.194,2308,20.787,-1.052725261,2.9,4262.3,Sports,Illinois
42185,NO,109.79,31843.158,2555,61.182,0.736262299,2.3,2065,Mediumfamilycar,Illinois
42460,NO,109.49,32511.785,3987,30.674,-1.000945426,2.4,985.14,Mediumfamilycar,Georgia
42460,NO,109.49,32511.785,3987,30.674,-1.000945426,2.4,985.14,Mediumfamilycar,Georgia
34911,NO,109.42,27366.188,3443,14.762,-1.356320282,2.8,2375.9,Sports,New York
40543,NO,109.31,27489.991,4300,42.809,-0.586044991,2.7,1628,Sports,Illinois
30071,yes,109.3,26878.49,2619,36.951,-0.456794133,3.2,617.3,Mediumfamilycar,California
41790,NO,109.17,17329.429,1513,41.308,0.316306769,2.4,3319.4,Sports,New York
32963,yes,109.07,32013.972,2254,21.132,-1.101126254,3,574.7,Smallfamiliycar,California
35764,NO,109.02,23423.654,2013,30.035,-0.266722157,1.3,4192.5,Sports,Illinois
43100,NO,108.92,21035.636,3599,29.787,-0.787591903,1.1,632.9,Mediumfamilycar,Illinois
37590,NO,108.74,20092.457,2203,28.495,-1.055237761,1.2,3754.8,Sports,California
44377,NO,108.71,24048.307,1167,18.968,0.16338043,1.3,4307.9,Sports,California
44377,NO,108.71,24048.307,1167,18.968,0.16338043,1.3,4307.9,Sports,California
43951,NO,108.68,26017.318,2700,55.339,0.091147292,1.8,1024.5,Mediumfamilycar,California
44592,NO,108.68,21746.787,3953,13.621,-1.354159019,2.8,4709.8,Executivecar,Georgia
44957,NO,108.65,27504.586,2845,30.588,-0.693376488,1.6,3917,Supperminicar,California
33603,yes,108.62,25923.169,2141,40.589,0.474660622,5.4,736.3,Smallfamiliycar,New York
36464,NO,108.61,25932.272,1935,40.082,0.631031386,2.9,2214,Mediumfamilycar,New York
34942,NO,108.6,24635.855,3265,14.295,-0.032668765,2.4,4410.5,Sports,Georgia
41670,NO,108.55,25601.478,2571,42.67,-0.04394188,1.7,720.8,Sports,Illinois
40390,NO,108.39,26120.462,2790,18.938,-0.728376809,1.5,2466.3,Mediumfamilycar,Georgia
34607,NO,108.34,25065.009,2865,25.138,-0.338451746,1.7,4806.9,Smallfamiliycar,Illinois
31989,NO,108.32,25485.388,4708,33.491,-0.548565286,1.7,4460.1,Sports,Georgia
29251,yes,108.24,27483.571,1558,60.223,0.01,5.4,456,Supperminicar,Georgia
44316,NO,108.24,27694.55,1645,33.832,0.137798534,1.1,4866.9,Smallfamiliycar,Georgia
33054,yes,108.2,35952.278,3204,61.374,0.239238114,2.6,570.9,Smallfamiliycar,New York
30041,yes,108.05,19245.032,4713,53.83,0.561229798,5,751.4,Mediumfamilycar,New York
30620,NO,107.92,21400.779,1235,42.235,-0.081543743,1.1,4686.4,Mediumfamilycar,Illinois
40816,NO,107.9,20801.391,3143,29.627,-0.210618692,2.1,4968,Smallfamiliycar,Georgia
31685,NO,107.86,23901.641,2065,33.905,-0.149152042,2.5,1015.6,Supperminicar,California
45016,NO,107.73,25496.662,4776,57.329,-0.001081477,2.6,2499.1,Supperminicar,New York
37621,NO,107.68,27310.517,1709,63.371,0.550346373,1.9,3461.9,executivecar,New York
40786,NO,107.68,20958.509,4874,35.867,0.533610282,1.1,4545.6,Executivecar,New York
44985,NO,107.64,20112.224,2386,57.391,0.467024446,2.8,4842,Sports,California
40359,NO,107.52,22993.898,3490,32.732,0.501130392,1.6,2182.4,Mediumfamilycar,Illinois
38077,NO,107.49,23959.389,1848,45.982,0.107150624,3,4110.9,executivecar,California
29311,yes,107.48,28238.443,3137,35.141,-0.30861387,3.4,620,Mediumfamilycar,New York
30194,yes,107.34,34261.391,3376,50.169,0.632262951,4.6,552.3,Smallfamiliycar,California
43555,NO,107.34,23624.742,4798,36.657,-0.555473716,1.6,3178.4,Smallfamiliycar,New York
34454,NO,107.31,20920.949,4354,36.258,0.540542777,3,1636.6,Smallfamiliycar,California
34699,NO,107.31,38600.846,4205,52.42,0.25921404,1.3,2392.8,Smallfamiliycar,New York
40724,NO,106.94,25916.71,2287,15.413,-2.471809511,3,4488.6,Sports,Georgia
44681,NO,106.94,20680.046,3969,41.086,0.111838582,2.1,863.2,Mediumfamilycar,California
29982,yes,106.92,22278.086,3060,55.755,-0.027064837,5.3,466,Smallfamiliycar,New York
43159,NO,106.81,19823.788,2304,57.846,0.678266432,2.8,3253.2,Mediumfamilycar,Georgia
43861,NO,106.81,24360.412,3981,29.627,-0.611705539,1.5,1485.2,Sports,California
34485,NO,106.78,24614.491,3116,30.551,-0.186802396,3,2496.8,Executivecar,Illinois
40147,yes,106.68,26613.593,4079,54.014,0.266616063,3.1,662.2,Smallfamiliycar,Georgia
31746,NO,106.67,32389.47,3449,36.799,0.469577978,1.2,2365.7,Executivecar,New York
43616,NO,106.67,17424.045,1074,61.82,0.026431576,2.4,778.7,Smallfamiliycar,California
30589,NO,106.57,17607.39,3365,45.679,-0.292716566,1.7,4199.6,Sports,New York
33634,yes,106.53,26299.414,3853,34.644,-0.171602586,2.9,556.2,Mediumfamilycar,Illinois
36616,NO,106.51,27524.936,2332,54.384,-0.199764637,1.4,1973,Sports,California
36860,yes,106.5,18695.58,4874,27.248,-0.285268644,5.3,195,Sports,Georgia
36250,NO,106.32,21348.167,2205,63.558,-0.103606155,2,4440.8,Mediumfamilycar,Illinois
39507,NO,106.29,23393.071,1830,48.089,-0.280188817,2.5,3485.2,Mediumfamilycar,Illinois
41425,NO,106.22,17027.862,1774,48.737,0.046309785,1.7,3060.1,Mediumfamilycar,Georgia
30497,NO,106.16,25856.841,2118,18.765,0.220357048,2.3,4769.8,Mediumfamilycar,Illinois
39964,yes,106,29288.298,1054,37.152,-0.272663652,4.9,660,Supperminicar,Georgia
37894,NO,106,35665.167,3713,29.075,-0.178641445,2.9,2981.3,Executivecar,New York
32142,NO,105.97,17682.425,3190,48.029,-0.363155593,2.5,1922.6,Supperminicar,Georgia
33419,yes,105.94,23389.692,2857,17.703,-1.968931819,4.2,706.3,Mediumfamilycar,Georgia
43131,NO,105.87,24464.848,1236,18.611,-0.600505078,1.8,4004.9,Smallfamiliycar,Georgia
42766,NO,105.79,18477.652,3679,34.984,-0.17599474,1.5,3426,Mediumfamilycar,Illinois
32324,NO,105.71,22896.773,1502,43.47,0.623786519,2.1,4224.3,Mediumfamilycar,New York
31928,NO,105.63,22351.199,3847,51.277,-0.308968933,2.7,1883.7,Sports,Illinois
36525,NO,105.59,29262.167,3708,25.709,-0.711268427,1.1,2471.3,Sports,Illinois
43496,NO,105.59,22347.494,4180,15.537,-1.185042157,2.5,4635.8,Mediumfamilycar,Illinois
33938,NO,105.57,26465.362,4228,46.268,0.330120169,1.4,1069.6,Supperminicar,New York
29402,yes,105.55,23829.315,2573,20.298,-1.610946891,2.9,754.5,Mediumfamilycar,Illinois
33238,yes,105.47,25342.815,4482,58.906,0.548399144,5.5,723,Smallfamiliycar,California
42094,NO,105.22,23755.179,1470,28.518,0.466407181,1.6,3196.2,Executivecar,Illinois
35277,NO,105.14,25291.044,4531,64.027,0.520358599,1.8,4522.1,Mediumfamilycar,Georgia
42429,NO,105.14,28587.711,2076,61.377,0.54082148,2.8,3179.8,Mediumfamilycar,New York
32263,NO,105.08,23827.064,2248,64.842,0.699392369,2.5,2131.5,Sports,New York
40237,NO,105.07,32663.695,3806,17.004,-1.398376853,2.3,3923.9,Sports,Illinois
37164,yes,105.06,20365.348,1474,31.626,-0.401315373,4.3,690.7,Supperminicar,Georgia
39933,yes,105.05,32376.781,3134,47.282,-0.187534368,3.6,633.8,Supperminicar,California
37499,NO,105.03,17820.689,1663,58.35,0.655904027,1.5,852.9,Mediumfamilycar,California
35033,NO,105.02,22767.425,4005,13.854,-0.572181319,1,1060,Sports,New York
34028,NO,104.92,27369.165,4228,53.424,0.113469602,1.1,3737,Executivecar,California
34059,NO,104.9,19043.483,3094,52.427,-0.019016919,2,3797.7,Mediumfamilycar,California
31106,NO,104.85,24071.705,4911,36.966,0.042769031,1.1,4041.6,Smallfamiliycar,Illinois
32386,NO,104.7,20988.614,1820,13.179,-0.574019273,2.1,1913.7,Mediumfamilycar,New York
32233,NO,104.69,25025.567,3192,19.492,-1.795505849,2.8,2924.3,Executivecar,Illinois
35854,NO,104.69,23815.907,4533,15.844,-0.501388538,1.8,2028.3,Mediumfamilycar,Illinois
36707,yes,104.64,23327.494,4507,61.706,0.237902311,4.2,563.1,Supperminicar,Illinois
42035,NO,104.62,35303.74,2409,42.145,0.703215091,2.4,2275,Mediumfamilycar,New York
31808,NO,104.6,20957.532,2863,16.618,-2.373931881,2.1,1702.7,Smallfamiliycar,California
41305,NO,104.51,16434.327,1943,64.042,0.693498017,2.7,1125.2,Mediumfamilycar,New York
35915,NO,104.37,25409.371,4368,28.174,-0.148647689,1.8,2550.4,Supperminicar,Illinois
43069,NO,104.36,22348.712,1520,53.247,-0.27040021,1.7,1301.1,Mediumfamilycar,New York
34730,NO,104.31,28128.337,1711,20.652,-1.538252954,1.5,2451.2,Smallfamiliycar,Georgia
39844,yes,104.28,21407.779,2901,22.623,-0.690757194,2.6,698.3,Mediumfamilycar,New York
45138,NO,104.25,21686.881,2394,13.483,-0.467180894,2.5,1876.4,Smallfamiliycar,New York
39021,NO,104.24,27975.785,4495,68.032,0.636626881,2.4,2246.5,Sports,New York
42735,NO,104.13,24554.4,4229,41.141,-0.272380351,2.2,3641.2,Supperminicar,California
37741,NO,104.12,23073.432,3224,69.397,0.433188755,2.7,1513.4,Mediumfamilycar,New York
39752,yes,104,26160.25,1799,18.505,-1.222804647,4.8,690.4,Smallfamiliycar,Illinois
43799,NO,103.9,40394.404,2379,51.813,0.517244707,2.7,4465.5,Smallfamiliycar,California
37529,NO,103.84,30815.819,1024,19.74,-1.955927052,1.7,2187.8,Sports,Illinois
44865,NO,103.84,20462.182,2599,68.383,0.423570186,1.8,1291.2,Sports,New York
38291,NO,103.79,26536.498,3523,67.951,0.326499978,2.2,1413.1,Executivecar,Illinois
42978,NO,103.75,29775.712,4186,68.531,0.253622448,2,2567.6,Mediumfamilycar,New York
40209,NO,103.73,27596.733,1312,40.782,0.567480751,2.6,4000.1,Smallfamiliycar,California
35399,NO,103.66,30415.256,2347,29.228,-1.380354455,1.9,628.4,Supperminicar,New York
34972,NO,103.54,20766.031,3188,35.003,0.591606434,2.2,3349.6,Mediumfamilycar,Georgia
36311,NO,103.52,25227.859,3872,45.524,-0.068842808,1.8,2951.8,Mediumfamilycar,New York
37437,NO,103.52,25653.703,2202,62.958,0.310079736,2.3,2103.3,Mediumfamilycar,California
37680,NO,103.47,21998.916,2879,21.13,-2.18286796,2.1,585.1,Supperminicar,Illinois
30741,NO,103.4,16184.799,1375,17.551,-1.024215144,1.4,3844.2,Mediumfamilycar,New York
45169,NO,103.36,27852.993,1793,57.169,0.764155399,2.6,1579.6,Executivecar,New York
35703,NO,103.28,29770.009,4449,60.852,0.068395451,2.9,2924.7,Sports,California
31047,NO,103.18,29877.726,2855,28.434,0.292185412,2.1,4520.7,executivecar,Illinois
42277,NO,103.16,30292.122,1933,55.472,0.516584944,1.7,4965.6,Mediumfamilycar,Georgia
38533,NO,102.76,25586.637,4212,63.741,0.747054486,1.4,3116.2,Supperminicar,New York
30163,yes,102.67,21991.467,2636,18.449,-0.14049542,3.2,738.8,Mediumfamilycar,Illinois
42916,NO,102.65,19703.932,3768,53.857,0.588112966,2.5,1343.8,Executivecar,New York
35826,NO,102.58,21135.874,4100,23.788,-0.157768623,1.1,2700.4,Sports,Illinois
42216,NO,102.54,20175.383,3308,12.722,-3.809149505,1.1,2889.3,Mediumfamilycar,California
34758,NO,102.43,20714.212,3070,40.664,0.492130632,2.8,2948,Mediumfamilycar,California
29555,yes,102.36,22682.912,4939,43.301,0.017990347,2.6,763,Mediumfamilycar,California
29586,yes,102.33,22671.351,3892,23.539,-0.839542886,3.3,745,Mediumfamilycar,New York
33511,yes,102.3,26137.3,2658,17.57,0.080990324,2.6,591.9,Mediumfamilycar,California
32812,NO,102.3,19156.61,2646,51.532,0.273538772,1,3551.6,Mediumfamilycar,New York
29920,yes,102.18,25337.641,3219,35.553,0.23477625,3.3,558,Mediumfamilycar,Georgia
32020,NO,102.08,29843.225,3469,46.932,0.286393079,2.1,4160.3,Executivecar,Georgia
42124,NO,102.07,29857.855,4190,53.505,0.467003084,2.3,4666.3,Mediumfamilycar,New York
40602,NO,102.06,29796.354,4122,16.958,-0.76170539,1.5,721,executivecar,California
44255,NO,102.05,20693.579,4896,64.132,0.624929832,2.5,4529.6,Supperminicar,New York
40268,NO,101.98,24456.199,2858,36.137,0.529457343,2.3,1380.9,Mediumfamilycar,California
39538,NO,101.91,27064.657,4715,17.639,-1.726288338,1.4,4163.9,Sports,California
40329,NO,101.81,28450.72,3006,16.329,-1.211525507,1.3,3649.2,Mediumfamilycar,California
39263,NO,101.78,28141.728,1193,60.88,0.091721419,1.3,3371.6,Mediumfamilycar,Illinois
32447,NO,101.77,27020.254,3151,29.612,-0.248750507,2.7,4775.6,Mediumfamilycar,New York
42886,NO,101.77,22430.665,1735,22.183,0.425100302,2.2,3207.1,Smallfamiliycar,New York
39355,NO,101.74,25379.023,2136,56.199,0.630153561,2.1,1395.1,Smallfamiliycar,California
31593,NO,101.68,23504.963,1131,19.14,-1.733646813,1.7,797.3,Executivecar,California
35946,NO,101.63,36573.293,4797,68.552,0.58901272,2,1361.9,Supperminicar,California
33146,yes,101.57,25498.257,2120,28.327,0.389416458,5.4,659.1,Mediumfamilycar,California
45199,NO,101.55,21183.704,1028,59.315,0.036179718,2.5,1123.4,Smallfamiliycar,California
39782,yes,101.48,17759.578,1777,36.957,0.49928295,3.1,724.2,Supperminicar,Illinois
29525,yes,101.45,27712.8,4582,42.522,0.216687832,4.4,609.7,Smallfamiliycar,New York
31137,NO,101.45,19468.325,4850,36.339,-0.01725419,1.1,2563.9,Mediumfamilycar,Illinois
43404,NO,101.44,23895.152,3713,24.615,-0.586309161,2.5,1229.9,Executivecar,New York
33116,yes,101.33,22168.511,4512,17.296,-0.033707216,5.3,550.9,Smallfamiliycar,Georgia
36341,NO,101.33,21741.998,4072,48.498,0.061322116,2.6,4843.3,Sports,Georgia
32781,NO,101.25,24826.441,4086,37.436,-0.40680094,1.1,4358.6,Sports,Georgia
30255,yes,101.22,19711.445,3824,35.906,-0.081351306,4.1,720.2,Mediumfamilycar,New York
30316,yes,101.16,18895.782,3958,52.01,0.033916555,3.6,744.6,Mediumfamilycar,Georgia
44561,NO,101.13,27814.846,1454,32.066,-0.07550053,2.1,4330.8,Mediumfamilycar,Georgia
34577,NO,101.08,29135.916,4325,33.646,-0.415770077,2.5,1522.2,Mediumfamilycar,Illinois
42338,NO,100.91,19083.707,2757,18.41,-0.675393808,2.6,3429.9,Executivecar,New York
41486,NO,100.9,25026.218,3198,52.092,0.680123627,2.5,3451.3,Supperminicar,Illinois
41759,NO,100.87,19376.79,1081,28.242,-1.034912542,2.4,3047.8,Smallfamiliycar,Georgia
30894,NO,100.8,30154.998,3560,63.205,0.336603117,2.9,4633.4,Mediumfamilycar,New York
39721,yes,100.68,22644.808,4714,41.133,-0.195730922,3.8,773.3,Smallfamiliycar,California
42674,NO,100.68,24836.526,1592,17.679,-2.869958708,1.1,2768.1,Sports,New York
36129,NO,100.63,25321.4,4476,48.822,0.21643931,1.2,4113.3,Mediumfamilycar,California
41455,NO,100.58,22003.125,4744,16.663,-1.92486347,1.4,1935.8,Smallfamiliycar,Illinois
32904,NO,100.46,28955.16,3035,58.261,0.480510118,1.9,3868.5,Mediumfamilycar,New York
39447,NO,100.44,24264.713,2701,56.935,0.109598665,1.5,3189.4,Sports,Illinois
41243,NO,100.42,30897.201,3782,50.073,0.335909572,2.7,727,Smallfamiliycar,Georgia
30102,yes,100.4,21996.807,1320,38.165,0.031809249,4,763.9,Mediumfamilycar,Illinois
32993,yes,100.36,17990.745,1922,51.317,0.588206637,2.8,714.8,Mediumfamilycar,New York
38686,NO,100.17,23911.594,1951,13.609,-3.866632376,1.7,1750.2,Supperminicar,Georgia
30132,yes,100.11,23541.531,2342,21.041,-0.813839646,3.8,726.7,Mediumfamilycar,New York
41364,NO,100.03,24427.301,3054,38.562,-0.08083087,2.4,2147.2,Sports,Illinois
31624,NO,99.91,25458.804,1600,34.763,0.449414607,2.2,2727,Smallfamiliycar,Georgia
44530,NO,99.88,18007.162,3868,34.487,0.612839621,3,4172.9,Smallfamiliycar,New York
37256,yes,99.86,19878.062,4600,25.541,0.142124427,5.4,691.9,Supperminicar,Georgia
36007,NO,99.86,28431.301,2430,32.642,-0.373904785,2.4,4463.9,Mediumfamilycar,California
44834,NO,99.8,23805.26,4629,39.418,0.668273378,1.8,996,Executivecar,New York
36769,yes,99.76,21733.354,1116,60.404,0.305542679,2.9,690,Mediumfamilycar,New York
40117,yes,99.73,23556.707,4420,39.613,0.556938379,5.2,626.5,Supperminicar,New York
33816,NO,99.54,26252.464,3263,62.239,0.032760809,2.9,3537,Mediumfamilycar,Illinois
34515,NO,99.52,26705.76,2683,51.773,0.409904777,2.3,2283,Mediumfamilycar,New York
42308,NO,99.34,16206.303,2279,30.844,-0.798469719,1.7,4901.2,Smallfamiliycar,Georgia
30650,NO,99.33,22696.806,2969,29.522,-0.430628006,1.3,2962.9,Mediumfamilycar,California
32720,NO,99.31,24038.195,2471,61.545,0.182175644,1.1,2780.4,Mediumfamilycar,Georgia
35734,NO,99.28,28256.956,2928,38.046,-0.599432266,2.6,4257.9,Sports,New York
43312,NO,99.2,21501.372,4306,41.523,-0.637502107,1.8,2925.9,Smallfamiliycar,Illinois
37772,NO,99.17,25567.587,1284,40.538,-0.711899946,1.5,2695.5,Smallfamiliycar,Georgia
37468,NO,99.08,32206.366,2205,20.078,-2.135670884,1.6,2200.9,Mediumfamilycar,New York
38717,NO,99.06,30493.884,1722,40.157,0.661105162,2.8,1445.4,Mediumfamilycar,Georgia
33481,yes,99.05,18845.678,1516,16.147,-1.377593361,4.5,759.5,Smallfamiliycar,New York
41912,NO,99.03,32755.76,2939,15.651,-2.131684876,1.5,4943.6,Supperminicar,Illinois
40086,yes,98.97,24907.434,4462,17.551,-1.348925987,3,778.3,Mediumfamilycar,Illinois
38321,NO,98.93,29064.311,2086,24.128,-1.816271552,2.4,4498.7,Mediumfamilycar,California
40755,NO,98.88,35949.015,4489,16.728,0.078610713,1.6,1991.3,Mediumfamilycar,Georgia
29464,yes,98.76,28837.174,2917,55.65,0.378526505,3,734.9,Supperminicar,New York
29280,yes,98.75,24308.678,3048,45.986,-0.309594224,4.8,555.9,Supperminicar,New York
38046,NO,98.73,21886.502,1966,41.055,-0.026768968,2.5,3883.5,Sports,California
29372,yes,98.72,23829.233,1319,52.997,0.138196502,5.3,770.4,Smallfamiliycar,California
32173,NO,98.72,26480.601,1992,63.175,0.239746735,2,1657.1,Executivecar,New York
31655,NO,98.65,15062.155,2772,38.962,0.107771675,1.7,4661.6,Mediumfamilycar,California
32050,NO,98.51,21489.735,2888,13.088,-2.585880196,2.7,3587.9,Smallfamiliycar,Georgia
38868,NO,98.5,28409.765,4376,29.865,0.320375021,1.8,4576.1,Mediumfamilycar,New York
41547,NO,98.5,22749.673,1146,53.909,0.507837281,1.9,611.8,Executivecar,New York
42551,NO,98.5,18099.493,4577,37.661,-0.705451263,1,3554.2,Sports,Illinois
33542,yes,98.48,31535.714,2865,58.915,0.701773742,3.7,566.7,Supperminicar,Illinois
41820,NO,98.4,31388.384,2920,28.988,-0.42500345,2.3,4383.5,Sports,New York
34334,NO,98.31,34483.965,2955,49.958,0.720245006,2.7,1015.4,Smallfamiliycar,California
32659,NO,98.19,25301.151,2202,54.792,0.408599796,1.3,2290.5,Supperminicar,California
37103,yes,98.14,27219.097,4974,62.128,0.400704996,4.4,651,Mediumfamilycar,California
32751,NO,98.12,26507.737,4571,52.665,-0.168612931,2.6,1408.2,Smallfamiliycar,Illinois
30528,NO,98.04,24421.759,4888,32.154,0.416402314,3,426.5,Mediumfamilycar,Georgia
31228,NO,98.04,31781.2,3317,47.759,-0.128876233,1.9,3678.1,Executivecar,Georgia
38383,NO,98,20855.025,2383,62.03,0.696324359,1.6,4577.8,Smallfamiliycar,Illinois
37072,yes,97.96,21461.653,1385,37.233,-0.133430022,3.1,623.1,Mediumfamilycar,Georgia
39691,yes,97.87,22465.284,4942,49.184,0.63776838,3.7,702.6,Supperminicar,Georgia
44196,yes,97.85,32399.721,1341,27.172,0.103231267,4.9,670.4,Smallfamiliycar,New York
36799,yes,97.78,33827.271,4737,17.061,-2.540472422,5.7,575.2,Smallfamiliycar,Georgia
41274,NO,97.68,22654.122,1822,19.629,-1.550970503,1.3,2372.5,Smallfamiliycar,Illinois
34120,NO,97.66,20126.592,3891,22.178,-0.54315087,1.5,1264,Sports,Illinois
45077,NO,97.63,16652.974,1692,69.109,0.381629021,1.5,4090,Sports,New York
43190,NO,97.55,22231.753,4430,49.861,-0.160145204,2.8,3652.3,Sports,California
44408,NO,97.53,20621.909,1609,42.42,0.552852428,2.6,824.8,Executivecar,California
31836,NO,97.5,22491.215,2318,17.15,0.031020408,1.2,1255.7,Executivecar,New York
35308,NO,97.43,19285.149,4051,47.471,-0.348760296,2.3,1454.6,Smallfamiliycar,Illinois
40298,NO,97.4,27008.559,3007,36.112,-0.000692291,1,940.2,Mediumfamilycar,Georgia
33269,yes,97.34,19688.481,1950,26.728,-1.203906016,4.5,619.1,Mediumfamilycar,Illinois
31502,NO,97.34,11901.274,1077,15.952,-0.72022317,1.8,645.2,Supperminicar,Illinois
33297,yes,97.31,27367.962,3336,27.826,0.039459498,3.8,724.1,Supperminicar,California
43890,NO,97.27,20222.298,3081,20.423,-0.450668364,1.2,4377.1,Executivecar,New York
31897,NO,97.25,26643.756,4597,67.12,0.507196067,2.9,860.8,Mediumfamilycar,Illinois
44926,NO,97.18,28776.956,4067,51.797,0.177481321,2.5,4865.5,Executivecar,California
30224,yes,97.17,24932.514,3832,38.827,-0.292116311,2.8,776.2,Smallfamiliycar,Georgia
33694,yes,97.17,18815.246,4230,58.592,0.4620426,5.4,783.9,Mediumfamilycar,Georgia
35003,NO,97.12,17425.764,4687,21.781,-0.607042835,1.2,2910.7,Executivecar,New York
45260,NO,97.09,16862.288,4850,27.904,0.302178899,2.9,2124.6,Smallfamiliycar,Georgia
38656,NO,97.05,23989.037,4962,66.23,0.262539635,1.8,3726.7,Sports,Georgia
36922,yes,97.02,35610.781,3291,62.584,0.196120414,3.1,744.5,Supperminicar,New York
44804,NO,97,24748.809,3681,13.076,-2.595747935,3,1739.6,Sports,Illinois
30285,yes,96.9,29112.725,2994,50.246,0.285395852,5.4,102,Sports,Georgia
40663,NO,96.73,21163.262,4675,58.582,0.290976751,2.9,1981.3,Executivecar,Illinois
44712,NO,96.73,25242.608,4028,35.949,-0.142896882,2.5,1483.3,Mediumfamilycar,Georgia
33847,NO,96.7,26732.241,3995,65.665,0.052173913,1.8,1343.3,Sports,Georgia
36556,NO,96.65,21037.396,4502,68.414,0.624214342,2,4972.5,Smallfamiliycar,New York
40574,NO,96.65,32255.718,3626,29.875,-0.432937238,1.4,3020.9,Mediumfamilycar,Georgia
37407,NO,96.63,22799.778,1762,43.436,-0.252048992,1.3,1524.6,Sports,California
34789,NO,96.56,19645.538,1814,14.097,-1.884585373,2.1,3638.1,Sports,Illinois
33877,NO,96.49,21599.876,4767,37.497,-0.751206763,1,3627.1,Sports,Georgia
30436,NO,96.39,25984.306,4490,25.206,0.486431802,2,3240.4,Supperminicar,Illinois
37376,yes,96.3,17849.293,1875,40.146,-0.046181438,5.2,604.3,Supperminicar,Georgia
37802,NO,96.27,28310.653,1062,62.586,0.352283258,3,571.6,Executivecar,California
33207,yes,96.22,17246.683,4044,26.602,-0.027140816,3.7,689.8,Smallfamiliycar,Illinois
36038,NO,96.17,16936.421,2792,46.167,0.292958174,2.3,2617,Smallfamiliycar,California
35673,NO,96.15,30677.828,4870,56.69,0.225277827,2.9,3757.9,Smallfamiliycar,California
33755,NO,96.09,27609.708,3275,58.806,0.347141448,2.1,3257,Executivecar,Illinois
40847,NO,96.09,22003.037,2111,25.978,-0.140465009,2.5,4210.4,Sports,New York
45107,NO,96.04,27716.801,4363,19.782,-2.493529471,3,1995.6,Smallfamiliycar,Illinois
45291,NO,95.92,25240.425,2319,13.518,-1.064210682,2.1,3538.5,Smallfamiliycar,Georgia
43769,NO,95.87,26556.251,3089,25.013,-1.540638868,2.8,4456.9,Mediumfamilycar,Georgia
35155,NO,95.81,25865.905,4694,64.705,0.547546557,2.2,1181.8,Sports,Illinois
42004,NO,95.73,25337.592,4070,12.508,-1.472017909,1.4,3686.7,Supperminicar,Illinois
31320,NO,95.62,26808.18,2314,67.894,0.112145403,2.3,3429,Smallfamiliycar,Illinois
40482,NO,95.6,21134.951,3808,16.694,-3.041332215,2,697.4,Supperminicar,Georgia
43251,NO,95.53,34823.626,2781,33.383,0.541832669,2.4,4110.1,Smallfamiliycar,New York
34365,NO,95.51,23773.059,4363,49.44,-0.010477346,1.9,1534.6,Mediumfamilycar,Georgia
31716,NO,95.48,26785.563,3136,19.519,-0.737025462,2.3,3939.8,Sports,Georgia
40025,yes,95.42,24904.919,2823,46.398,0.252618647,5.8,581.2,Smallfamiliycar,Georgia
42582,NO,95.38,16483.088,3901,65.277,0.423058658,2.9,2203.5,Sports,Illinois
42825,NO,95.37,26832.991,4798,53.324,0.077394794,2.2,1241.1,Sports,New York
35489,NO,95.36,20310.875,4876,34.86,-0.00659782,2.5,,Supperminicar,California
35489,NO,95.36,20310.875,4876,34.86,-0.00659782,2.5,2652.3,Supperminicar,California
41973,NO,95.33,30896.486,1745,30.92,-0.808570505,2.9,2510.5,Mediumfamilycar,Georgia
39294,NO,95.32,24938.766,3549,55.448,-0.097965662,1.6,1987.9,Executivecar,Georgia
36191,NO,95.29,21423.481,2645,35.803,-0.141133425,1.4,1450.8,Sports,California
37315,yes,95.26,18761.084,1938,56.18,0.523015308,3.1,688.2,Supperminicar,New York
32111,NO,95.24,23039.459,1574,65.471,0.245559103,1.9,1831.1,Sports,California
42247,NO,95.21,28430.257,1804,26.816,0.525581742,1.7,1487,Sports,New York
29617,yes,95.2,26209.811,3026,32.25,0.270108527,5.9,325,Supperminicar,Illinois
35185,NO,95.18,26926.587,2639,19.236,-2.363745061,1.5,3618.7,Sports,Georgia
34638,NO,95.05,32267.67,3919,69.806,0.639887689,2.6,3282.5,Mediumfamilycar,New York
32202,NO,94.99,26305.276,3712,54.49,-0.159387043,1.6,2833.1,Executivecar,California
39416,NO,94.84,29875.599,4293,50.695,-0.126304369,1.6,1518.4,Mediumfamilycar,Georgia
40178,yes,94.83,20863.845,1832,37.003,-0.459719482,5,594.5,Smallfamiliycar,Illinois
44227,NO,94.79,25386.842,3074,24.054,-1.239378066,1.8,681.2,Smallfamiliycar,Illinois
42400,NO,94.6,23652.966,4297,28.183,-0.184898698,1.5,3720.9,Sports,Illinois
34000,NO,94.44,34328.873,4332,47.362,0.281533719,1.1,556.8,Smallfamiliycar,Georgia
34424,NO,94.32,20552.428,2834,16.659,-0.936190648,2,3244.6,Sports,Illinois
35461,NO,94.26,18111.653,3935,35.09,-0.944884583,1.7,854.4,Executivecar,New York
36738,yes,94.2,22625.273,3360,41.948,-0.471011729,3.5,745,Supperminicar,New York
43281,NO,94.14,25176.318,2301,67.994,0.509030209,2.8,4811.6,Smallfamiliycar,New York
34181,NO,,30792.978,1129,20.77,-0.804092441,2,632.9,Sports,California
34181,NO,94.13,30792.978,1129,20.77,-0.804092441,2,632.9,Sports,California
38929,NO,94.09,26620.832,2500,59.157,0.436989705,2.9,1381.8,Sports,New York
29890,yes,94.06,23871.118,2673,27.206,-1.227192531,4.7,648.1,Smallfamiliycar,Illinois
40056,yes,94.06,19987.353,2201,41.226,-0.12545481,5.4,613.6,Smallfamiliycar,New York
34089,NO,93.96,28282.768,3371,34.224,-0.531878214,1,2832.8,Mediumfamilycar,Georgia
40633,NO,93.96,35765.912,4680,41.536,0.591727658,2.2,3506.8,Mediumfamilycar,Georgia
36068,NO,93.91,22640.341,3861,20.573,-1.244057746,1.2,883.9,Executivecar,New York
43677,NO,93.82,33224.839,4217,50.627,0.510221818,1.8,2426.3,Sports,Illinois
35885,NO,93.79,22573.182,4367,32.362,0.510413448,2.1,4060.1,Mediumfamilycar,Illinois
34303,NO,93.71,29110.301,3802,13.976,-0.535417859,1.7,2119.9,Smallfamiliycar,New York
32932,yes,93.69,20453.063,1477,44.401,0.498051846,4.9,754.8,Supperminicar,Georgia
31412,NO,93.5,32690.183,3052,49.411,0.745178199,2.7,4207.4,Sports,Georgia
32081,NO,93.41,23361.689,2046,49.394,0.735028546,1.1,1038,Smallfamiliycar,Illinois
42490,NO,93.38,25370.474,2890,58.258,0.473480037,2.4,2565.8,Supperminicar,California
30681,NO,93.36,30285.611,1333,66.542,0.556340356,3,1436.7,Supperminicar,Illinois
31532,NO,93.35,29109.513,4481,47.52,0.664309764,2.7,1345.2,Sports,California
32567,NO,93.34,24627.77,2669,19.634,0.234134664,1.3,4723.8,Mediumfamilycar,New York
33785,NO,93.3,26484.923,2900,60.2,0.023156146,1.8,1259.5,Executivecar,California
31443,NO,93.22,24820.87,3898,15.466,-2.194814432,1.8,1845.3,Mediumfamilycar,Illinois
38503,NO,93.14,24895.492,2759,16.123,-2.988029523,1.2,4493.1,Executivecar,California
29767,yes,92.96,26571.237,3039,27.88,-0.981814921,4.3,677.6,Smallfamiliycar,California
33969,NO,92.96,21428.243,4719,34.028,-0.359703773,1.2,1281.4,Supperminicar,Georgia
38107,NO,92.83,22534.995,2107,62.703,0.266669856,1.5,2846.4,Supperminicar,California
34668,NO,92.77,23676.716,3597,38.832,-0.797641121,2.4,3018.9,Mediumfamilycar,California
39903,yes,92.67,26554.538,4451,56.149,-0.083527757,5.6,608.3,Smallfamiliycar,Georgia
30406,NO,92.67,18359.07,3038,12.945,0.009733488,1.5,3533.5,Smallfamiliycar,California
30406,NO,92.67,18359.07,3038,12.945,0.009733488,,3533.5,Smallfamiliycar,California
38352,NO,92.64,28148.144,2724,18.837,-0.280883368,2.3,3875.7,Smallfamiliycar,Illinois
43465,NO,92.6,28787.539,3076,33.949,0.001885181,1.1,1777.1,Supperminicar,Illinois
33358,yes,92.57,32749.672,3243,36.537,-0.415305033,2.9,564,Executivecar,New York
43921,NO,92.51,16967.768,4088,50.295,0.593935779,2.6,4479.6,Sports,Illinois
38837,NO,92.4,25105.019,3332,20.297,-1.594816968,1.4,2433.1,Smallfamiliycar,California
38807,NO,92.33,31527.394,3717,52.667,-0.033227638,2.7,1501.6,Mediumfamilycar,California
36160,NO,92.2,19611.276,4417,40.856,-0.194977482,2.2,4549.2,Mediumfamilycar,Georgia
39994,yes,91.9,24200.307,4547,34.677,-0.071372956,3.6,558.8,Mediumfamilycar,New York
33572,yes,91.89,16962.584,3912,21.323,-1.762978943,3.8,604.8,Mediumfamilycar,California
30467,NO,91.81,28692.333,4677,14.63,-0.722898154,2.3,908.1,Smallfamiliycar,California
42521,NO,91.77,33143.078,2523,64.229,0.092964237,2.1,1420.6,Mediumfamilycar,California
37225,yes,91.57,8793.663,3394,21.911,0.083063302,4.8,653.1,Supperminicar,Georgia
38411,NO,91.52,22199.095,3608,37.971,-0.633615127,1.4,3914.4,Mediumfamilycar,Illinois
32873,NO,91.47,28759.665,2312,30.266,0.059274433,1,4358.3,Smallfamiliycar,Georgia
30833,NO,91.44,21615.39,3635,32.523,0.412631061,2.2,851.8,Smallfamiliycar,Georgia
32628,NO,91.22,24867.431,3438,32.404,-0.385662264,1.4,1003.1,Supperminicar,New York
39599,yes,91.19,20888.898,4335,56.647,0.644747295,4.8,572.7,Mediumfamilycar,California
33724,NO,91.18,18397.717,1814,38.392,-0.517529694,2.5,804.6,Executivecar,Georgia
38990,NO,91.13,25484.98,4215,24.721,-0.159661826,1.8,3636.8,Sports,New York
39568,yes,91.05,22181.377,2920,20.124,-0.994931425,5.5,669.4,Mediumfamilycar,Illinois
40908,NO,91.01,22371.225,2311,59.102,0.512740686,1.4,1652.9,Executivecar,Georgia
35976,NO,90.88,15663.674,3826,44.847,-0.528574933,1.5,4341.5,Executivecar,Illinois
43039,NO,90.87,27520.233,3573,67.645,0.16268756,2.4,4263.4,Mediumfamilycar,New York
44895,NO,90.87,22116.143,1129,42.604,-0.60508403,1.7,1201.5,Mediumfamilycar,Illinois
33389,yes,90.72,21083.734,3645,52.559,0.304838372,3.2,750,Supperminicar,New York
29798,yes,90.55,20459.88,1009,39.886,0.301007872,5.6,638.2,Smallfamiliycar,New York
31867,NO,90.47,29577.011,1615,33.077,0.481512834,1.6,1260,Executivecar,Illinois
30559,NO,90.36,23494.482,2604,59.05,0.455478408,2.4,4120.2,Executivecar,California
32842,NO,90.34,30714.114,2692,28.472,-0.809918516,1.6,4265.8,Mediumfamilycar,Georgia
36280,NO,90.21,26082.293,4030,48.658,-0.306218916,2.6,2275.8,Mediumfamilycar,New York
40451,NO,90.1,25488.38,4125,67.466,0.119882608,1.1,1699.7,Smallfamiliycar,California
42643,NO,89.98,26920.327,2303,68.417,0.497434848,2.6,1290.6,Smallfamiliycar,Illinois
41333,NO,89.51,31769.362,3001,41.679,-0.53655318,2.4,647.5,Executivecar,California
43434,NO,89.37,28070.834,1441,33.885,0.273572377,3,3088.7,Supperminicar,Illinois
42855,NO,89.19,20300.601,1127,12.753,-3.181290677,2.3,3369.7,Supperminicar,Illinois
31259,NO,89.06,24639.949,2851,30.444,-0.568749179,1.1,2445.3,Smallfamiliycar,Illinois
34850,NO,88.83,23882.686,3349,68.413,0.38877114,2,1309.8,Executivecar,Georgia
43220,NO,88.72,19010.611,4272,15.295,-2.259954233,1.1,4266.9,Executivecar,California
36099,NO,88.54,30444.753,2636,38.255,0.46221409,1.1,2268.8,Smallfamiliycar,Illinois
45046,NO,88.45,28756.936,3866,42.735,-0.341499941,1.2,1783.1,Sports,Georgia
33328,yes,88.31,20402.879,2277,51.711,0.461893988,5.7,559.4,Supperminicar,New York
34880,NO,88.29,28570.002,1362,34.784,-0.966795078,1.7,2767,Executivecar,New York
41517,NO,88.19,25234.903,4156,26.532,-0.963364993,1.8,1577.5,Executivecar,California
31351,NO,88.14,21774.401,1724,60.13,-0.129120239,2.5,4702.3,Executivecar,Illinois
41851,NO,88.13,26661.57,3862,20.262,-0.430658375,1.8,3152.2,Mediumfamilycar,California
43524,NO,88.1,22120.909,3657,57.019,0.727511882,1.6,3135.6,Executivecar,California
44742,NO,88.1,20845.249,4547,43.294,0.169653994,2.1,1565.7,Sports,Illinois
36830,yes,87.85,27024.909,1936,35.021,0.512835156,3.4,570.2,Mediumfamilycar,Illinois
29494,yes,87.68,22652.628,1138,33.308,-0.670769785,5.2,705.6,Smallfamiliycar,California
39478,NO,87.63,20872.514,1946,61.563,0.075175024,1.3,1722.2,Mediumfamilycar,New York
39478,NO,87.63,20872.514,1946,61.563,0.075175024,1.3,1722.2,Mediumfamilycar,New York
32294,NO,87.51,17923.146,4054,16.354,-2.964901553,1.4,3663.4,Mediumfamilycar,New York
30347,yes,87.49,26044.318,2943,22.287,-1.333647418,3.2,589,Smallfamiliycar,Illinois
44074,NO,87.47,19592.26,1587,53.866,0.342479486,3,4972.7,Executivecar,Illinois
39082,NO,87.4,35461.936,3065,70.374,0.815073749,1.5,3474.2,Executivecar,Illinois
29676,yes,87.32,16375.411,4744,15.784,-0.957108464,4.4,654,Smallfamiliycar,Georgia
30772,NO,87.26,26620.42,4530,48.29,0.63655001,1.4,3822.1,Mediumfamilycar,Georgia
37955,NO,87.23,24241.075,4953,56.684,0.571536942,2.5,3949,Mediumfamilycar,New York
30986,NO,87.16,23453.938,3965,70.083,0.240457743,2,1740.9,Executivecar,Georgia
39113,NO,87.03,19969.913,1768,51.756,-0.359726409,2.8,4080.9,Executivecar,New York
43373,NO,86.88,24438.36,3051,39.047,0.037109125,1.7,2331.2,Mediumfamilycar,New York
38564,NO,86.75,31388.324,1989,38.503,-0.655481391,1,3353.9,Mediumfamilycar,Georgia
35520,NO,86.74,27575.176,2863,32.242,-0.081198437,2.6,3035.7,Executivecar,California
29706,yes,86.71,22188.562,1901,15.685,-0.006311763,2.8,657.1,Supperminicar,California
44500,NO,86.7,34547.083,3040,13.352,-3.565458358,2.8,4875.6,Sports,Illinois
40939,NO,86.59,21204.337,4191,66.395,0.109842609,1.9,3106.8,Executivecar,New York
37346,yes,86.55,33162.057,1954,42,-0.337619048,5.6,714.5,Smallfamiliycar,New York
44286,NO,86.55,32615.62,4358,29.17,-1.198560165,2.1,3310.6,Sports,New York
43585,NO,86.48,13490.394,1804,60.186,0.390938092,1.8,2122.8,Executivecar,Georgia
37287,yes,86.3,23737.159,3687,26.797,0.046870918,3.5,697.6,Mediumfamilycar,Illinois
38199,NO,86.14,26785.077,1147,60.496,0.402605131,1.7,3301,Mediumfamilycar,Illinois
41943,NO,85.9,25578.373,4594,55.921,0.720123031,2.2,3905.6,Mediumfamilycar,New York
35581,NO,85.47,27575.238,4177,21.44,-1.04766791,2.8,3603.5,Smallfamiliycar,New York
40877,NO,85.31,14380.521,4149,28.798,0.097923467,1.6,4296.7,Supperminicar,Georgia
44469,NO,85,29630.888,2772,60.958,0.54033925,1,845.4,Mediumfamilycar,Illinois
39141,NO,84.87,18929.057,3637,60.551,0.145249459,2,1754.6,Mediumfamilycar,Georgia
31471,NO,84.79,32823.218,4450,27.441,0.436390802,1.4,2517.7,Supperminicar,New York
31958,NO,84.67,27566.337,4762,51.863,0.011298999,3,3495.1,Sports,California
36433,NO,84.66,14874.287,3418,14.789,-1.394888093,2.6,876.8,Supperminicar,New York
44439,NO,84.62,18086.001,3315,28.02,-0.51391863,1.7,2035.6,Executivecar,New York
38168,NO,84.6,29248.01,1688,36.14,-0.919839513,2.6,3525.9,Mediumfamilycar,Illinois
37986,NO,84.51,27941.586,2492,34.919,-0.623299636,2.4,3137.9,Smallfamiliycar,Illinois
43646,NO,84.5,31834.371,3885,24.796,-1.493144055,2.5,688.8,Sports,New York
44135,yes,84.48,29408.199,4700,53.028,0.678547183,3.6,214,Sports,California
36981,yes,84.42,17403.15,2625,46.555,0.418537214,3.5,683.5,Mediumfamilycar,Illinois
35430,NO,84.2,30269.01,4204,68.246,0.571725815,2.3,4065.5,Mediumfamilycar,New York
40512,NO,83.87,25122.551,4310,67.897,0.754127576,2.2,4448.9,Sports,California
38748,NO,83.82,29127.082,4389,52.388,0.233469497,1.9,1940.4,Smallfamiliycar,Illinois
42947,NO,83.82,24686.605,4953,51.15,-0.052922776,2.6,3676.7,Supperminicar,Illinois
41578,NO,83.66,28114.25,4695,60.207,0.104605777,1.3,3939.4,Smallfamiliycar,New York
39172,NO,83.63,30790.554,2394,29.588,-1.046471543,2,3620,Executivecar,New York
35124,NO,83.44,18771.306,4040,29.276,-0.335360022,2.3,2044.2,Supperminicar,Illinois
39813,yes,83.26,17962.681,2481,38.25,0.033803922,4.4,668,Smallfamiliycar,California
44043,NO,83.13,21767.136,2401,35.418,-0.408888136,2.2,4109.3,Mediumfamilycar,Georgia
32416,NO,83.01,24193.571,4687,36.978,0.643598897,2.9,4602.5,Smallfamiliycar,Illinois
29433,yes,82.45,32896.064,2828,34.585,0.413098164,2.9,729.6,Supperminicar,Illinois
32689,NO,82.38,37316.211,3601,50.333,-0.088589991,2.5,3003.3,Smallfamiliycar,Illinois
44620,NO,82.04,22564.373,2708,19.713,0.309034647,1.5,925.6,Mediumfamilycar,New York
32477,NO,81.69,34430.93,4110,40.688,0.272217853,2.1,1997.8,Sports,Georgia
33663,yes,81.07,28909.114,2932,31.52,-0.099111675,4.5,686.1,Supperminicar,Georgia
38960,NO,80.48,24349.285,1285,28.668,-1.063520301,2.5,889.5,Smallfamiliycar,New York
37195,yes,80.03,24702.373,1417,20.091,-0.574137674,3.1,759.5,Mediumfamilycar,California
41060,NO,79.8,29752.119,1451,40.133,0.223905514,1.6,1997.3,Smallfamiliycar,California
41060,NO,79.8,29752.119,1451,40.133,0.223905514,1.6,1997.3,Smallfamiliycar,California
30955,NO,79.2,20803.912,4391,53.231,0.227405084,2.5,2936.6,Supperminicar,New York
39872,yes,79.12,23932.764,3209,60.839,0.628149707,3.8,564.8,Supperminicar,Georgia
41182,NO,78.49,18398.834,3516,47.503,-0.458455255,1.9,4974.5,Mediumfamilycar,California
41639,NO,78.14,24288.103,1914,44.545,-0.327421708,3,3930.3,Supperminicar,New York
32598,NO,77.54,15406.144,3626,44.901,0.562726888,1,4436.2,Sports,Georgia
31290,NO,76.28,30017.664,3845,60.28,0.494956868,2.8,2511.6,Executivecar,Georgia
35246,NO,75.19,25768.626,3730,30.71,-1.212406382,1.1,2286.7,Mediumfamilycar,Georgia
38260,NO,73.9,29497.999,1341,45.765,-0.242062712,1.3,1301.8,Sports,California
